"X","Y"
150.650024,-22.857195
150.748832,-33.613944
130.894761,-12.373623
136.1995,-13.782445
151.027857,-33.809444
122.229971,-17.956594
143.386853,-12.614996
131.023917,-25.343067
150.748773,-33.613871
151.151583,-34.08392
132.399609,-14.507368
150.884066,-33.766905
144.406225,-14.91383
153.016068,-27.61257
143.530083,-13.440683
144.412702,-14.909033
149.31772,-25.16926
151.70106,-24.144253
145.246936,-15.469304
143.273785,-13.884489
142.37477,-11.20159
152.976667,-25.52
144.509444,-18.248333
146.205277,-18.981789
146.705289,-22.377611
153.301193,-24.955133
152.05941,-24.557417
150.198592,-26.014629
144.151111,-19.2525
152.484386,-24.96508
148.08215,-21.68651
143.292785,-13.373491
152.994427,-25.511478
150.155261,-25.448417
149.526089,-22.352596
153.291321,-24.991268
151.465008,-25.798879
145.651115,-18.61096
146.444,-19.10123
146.45762,-19.13221
150.75108,-26.098415
143.570616,-13.967487
150.461635,-23.155367
144.43444,-14.248482
153.026063,-27.056738
144.745833,-18.265833
147.298204,-20.460845
151.69899,-24.661281
145.80864,-20.674539
143.49262,-14.696317
146.676106,-19.405397
143.732507,-14.711538
142.881876,-13.020023
151.809392,-24.190086
146.703327,-19.21512
145.585469,-17.007595
153.282256,-25.166454
151.655228,-24.265086
153.31354,-24.956741
149.520139,-23.084722
153.051818,-25.548755
153.295249,-24.950638
143.295556,-13.706667
148.8525,-20.958889
142.462955,-11.663
142.729664,-13.091509
153.109392,-26.773405
146.705289,-22.377611
153.017724,-27.365063
146.42592,-19.1066
153.094182,-26.634656
153.017728,-26.848405
153.095,-26.4522
146.767771,-19.198453
146.444444,-19.105278
152.976154,-25.554173
149.836526,-25.067882
143.314883,-14.297077
146.75275,-19.20375
153.07567,-25.488241
150.684409,-23.248423
144.90832,-16.60165
145.216106,-15.678971
143.779083,-15.118111
153.325762,-24.967574
153.094182,-26.634656
144.743056,-18.292222
150.484393,-23.170645
143.199167,-13.733056
153.290288,-24.947035
150.384626,-26.356854
142.805619,-11.823998
150.75109,-26.098421
146.46526,-19.14133
145.374911,-18.547647
151.05107,-23.665088
150.58269,-24.918846
153.184378,-25.323407
146.751105,-22.315117
153.026063,-27.073405
142.611701,-12.710115
148.52513,-20.49018
142.705833,-12.724444
145.219139,-16.612028
143.59062,-14.973482
147.901133,-21.798883
150.4897,-23.2378
144.817778,-20.446389
153.077759,-25.953675
153.123689,-27.031339
149.0152,-21.1856
142.17337,-12.6223
152.451064,-26.231744
153.075,-26.066667
143.735278,-14.608056
152.931601,-26.099557
153.275399,-24.938024
144.870069,-18.025279
153.274653,-25.150075
153.299307,-24.991269
151.15161,-23.802584
149.662374,-25.033462
148.667778,-21.19
144.209167,-15.005833
152.959399,-27.256738
146.784437,-19.281786
153.075995,-25.999346
139.33917,-16.59962
144.56019,-18.23007
139.35591,-16.57245
143.278398,-14.210875
143.394327,-14.448977
146.44879,-19.09131
142.94,-13.72
144.634167,-15.300833
142.383954,-10.957503
143.045121,-13.598491
145.629648,-18.619085
148.948611,-20.881667
143.90224,-17.613751
142.427122,-12.196333
151.121944,-25.369167
141.970556,-18.029167
152.334388,-24.831748
144.565556,-18.221944
144.609444,-17.498333
142.143426,-11.914592
153.006944,-25.667778
142.90755,-12.95583
144.981667,-15.661111
146.12522,-18.85479
140.189722,-20.234583
142.64265,-12.452825
144.44737,-15.56718
151.77065,-26.059018
144.312917,-15.115444
148.484429,-22.78177
151.114944,-23.754251
150.347778,-22.754444
153.073865,-25.789854
146.026108,-18.265126
150.784444,-22.6525
142.710168,-13.604089
142.539454,-10.769669
150.455247,-23.156755
153.08883,-25.908963
143.915,-15.222222
145.477222,-18.247778
142.65531,-13.38275
150.301944,-22.791389
150.651076,-22.844256
148.035097,-24.099015
151.655228,-24.265086
142.482621,-11.694
153.30665,-24.958122
151.551151,-24.364386
143.019399,-13.562055
150.942639,-24.327972
152.617791,-25.159123
145.476313,-17.548801
143.570616,-13.967487
152.955235,-27.585626
146.43315,-19.06399
150.936628,-24.313141
142.06463,-12.04057
153.295238,-24.950629
153.067723,-27.315063
153.209376,-25.148408
143.201119,-13.944322
153.057793,-25.573127
142.879491,-13.002945
142.412667,-19.45
152.367733,-26.248412
146.47962,-19.1193
148.5255,-20.4942
145.585993,-17.01723
145.524142,-18.221888
149.151495,-25.128517
146.642772,-19.256786
153.303191,-24.957846
152.911424,-27.788338
153.042726,-27.673396
145.517879,-17.089866
150.492746,-23.165089
140.919167,-17.910278
152.563081,-25.113791
146.763041,-19.231802
153.301202,-24.95514
145.654156,-18.61684
153.113552,-26.067851
143.015287,-12.953327
153.076498,-25.60803
142.56312,-10.765002
142.659472,-12.524781
144.634444,-18.206667
148.251121,-25.069263
152.447772,-25.658985
151.936065,-24.489513
144.269972,-15.009333
146.742749,-19.206793
143.548449,-13.977653
153.006021,-25.608356
143.525556,-18.346944
153.28169,-25.166121
142.816389,-13.638056
146.760094,-19.224538
142.879491,-13.002945
152.976161,-25.554181
143.33562,-14.323986
153.091778,-26.431083
142.691667,-13.484722
148.229156,-22.872326
151.148056,-23.618889
144.559444,-17.356667
153.044925,-25.775408
153.299299,-24.991261
145.0625,-15.709444
148.501087,-23.08177
144.45,-15.567
151.097917,-23.719722
144.434441,-14.315148
146.45762,-19.13221
153.094182,-26.634656
148.5258,-20.4863
151.106333,-23.748695
142.143426,-11.914592
153.290277,-24.947027
142.545787,-10.769669
150.984405,-23.619255
142.549454,-10.764169
152.459394,-25.915078
144.440278,-14.259722
144.44737,-15.56718
149.25108,-23.515098
145.520451,-17.099071
153.127733,-27.639792
143.231944,-13.708333
153.275408,-24.938033
152.447772,-25.658985
152.996074,-25.490067
145.455278,-18.327222
151.062778,-23.719167
144.431944,-14.293056
150.521912,-23.373422
152.905237,-27.665071
150.669959,-23.026087
142.401297,-12.852097
152.686631,-25.877028
145.430147,-17.044023
145.177222,-15.439722
145.146667,-16.549167
142.630278,-11.113889
144.379556,-15.180167
142.308089,-14.737511
153.069512,-27.222234
145.00105,-16.5041
153.130774,-26.037017
142.531787,-10.692003
142.1146,-10.1155
151.892724,-24.198419
146.48389,-19.10486
149.704876,-25.026621
148.256515,-25.070308
147.35249,-20.46068
142.410337,-12.918683
152.001061,-25.065083
153.094182,-26.634656
148.5234,-20.4899
152.976066,-27.373404
152.267722,-24.827582
138.0899,-17.44485
148.534,-20.2989
142.817953,-12.407831
153.06583,-26.73389
152.660381,-25.276457
150.523029,-26.49874
150.503722,-22.893192
152.967736,-27.669237
153.303181,-24.957838
148.496785,-21.235388
153.05778,-26.72944
144.554006,-14.382064
153.274881,-25.150251
144.459444,-15.273477
150.296334,-26.103912
153.0669,-27.61257
149.118956,-25.210893
151.109273,-24.152974
146.45374,-19.09717
152.7776,-25.804956
145.451858,-17.140956
152.661389,-25.662222
152.517343,-25.031328
147.320542,-19.556782
142.432455,-10.772836
146.75275,-19.20375
148.5684,-20.493
149.286364,-25.295753
145.967309,-18.516491
145.064272,-16.518691
153.00816,-25.608358
148.451111,-20.431667
151.709393,-24.12342
144.571944,-18.192778
144.44737,-15.56718
138.589278,-19.75775
141.120278,-17.825556
142.72591,-18.34744
150.080259,-25.212304
145.497911,-17.079549
149.684424,-25.465091
150.75109,-26.098421
153.08571,-25.613758
149.763948,-24.078773
146.43315,-19.06399
153.274692,-25.15026
145.013611,-15.428056
139.016919,-18.611134
144.24304,-18.102027
146.65942,-19.34913
153.044662,-25.775352
151.699318,-24.662954
152.975778,-26.090893
153.079572,-26.021194
149.684439,-25.465087
150.930569,-26.098258
145.585469,-17.007595
150.4875,-23.2456
153.267708,-24.940074
143.579953,-14.979649
153.085979,-25.989408
141.044167,-17.719167
142.82743,-13.126552
152.517343,-25.031328
141.891165,-12.290212
144.45505,-19.078811
150.43858,-23.427588
152.975154,-25.621908
144.11778,-14.731814
144.462273,-14.257315
152.447772,-25.658985
138.952205,-19.496998
141.906687,-12.333046
151.088576,-25.377584
145.477268,-18.31168
152.959388,-26.073407
145.222389,-16.612385
142.388122,-10.872502
144.44737,-15.56718
149.071341,-25.323385
153.278263,-24.99563
150.971627,-23.699254
151.401077,-25.756751
150.491357,-23.165089
149.887589,-25.292451
150.584069,-24.888685
144.410215,-14.901186
151.740506,-25.691464
152.989409,-25.658258
145.401311,-18.322486
153.041541,-25.775418
144.156389,-15.180278
151.975308,-24.666193
151.107444,-23.742584
144.164578,-14.846732
142.1676,-10.1312
144.705278,-18.281667
149.272683,-25.201373
145.478212,-17.229341
153.042726,-26.723405
130.895436,-12.75449
130.822176,-12.405596
130.933534,-12.780118
130.85094,-12.377951
130.851941,-12.375355
131.137539,-12.601182
130.860629,-12.377051
130.971562,-12.801031
131.095976,-12.577886
130.992033,-12.714234
130.822257,-12.405449
130.891113,-12.760423
130.961362,-12.74814
130.986123,-12.717996
130.959153,-12.790153
131.172335,-12.559153
130.958631,-12.767786
130.847687,-12.378871
122.344624,-17.975474
153.072915,-25.862536
148.716514,-20.268089
130.930715,-12.395021
130.835491,-12.452076
130.872599,-12.370281
152.962041,-26.129511
146.110332,-20.567988
152.695065,-25.261405
139.97905,-20.772955
150.764274,-23.155911
130.710377,-11.740756
122.218335,-17.92462
130.870803,-12.369331
126.247452,-17.184786
132.206378,-11.194477
152.678108,-25.253238
122.344694,-17.975059
146.148439,-18.654295
145.380553,-17.089377
136.415589,-13.843538
143.394177,-12.631541
130.806993,-13.122869
152.438525,-24.797228
153.113236,-26.379799
147.054539,-19.514787
151.247224,-23.733956
131.119457,-13.266286
144.072666,-14.764157
130.752683,-13.171828
133.285613,-12.218425
130.850082,-12.379646
130.854753,-12.375353
153.122632,-27.026258
130.850888,-12.381543
146.69132,-22.374543
152.232118,-25.549478
145.351524,-17.042294
131.070059,-12.81507
145.351088,-17.04143
131.715202,-15.103722
131.604223,-12.703682
131.0579,-12.40886
131.131867,-13.282468
152.773992,-27.738531
151.365999,-23.937524
134.713058,-16.582288
145.39461,-16.98977
130.867611,-12.36142
132.7547,-12.651788
131.51436,-12.763308
131.52262,-12.75193
145.350981,-17.042656
130.869843,-12.370405
143.311654,-12.795848
122.498062,-17.848223
141.892751,-12.675264
146.15107,-18.65385
143.641158,-14.728078
146.457273,-21.011629
148.645278,-21.135639
130.872804,-12.369998
122.217657,-17.924602
131.18218,-12.589221
153.050668,-25.809863
146.148331,-18.655069
131.52237,-12.751312
128.737344,-15.787309
153.058099,-25.810278
136.501826,-13.912031
146.145475,-18.656506
131.648862,-12.9062
141.962524,-11.913688
130.843306,-13.107877
128.406812,-16.090493
153.106563,-26.387756
131.009261,-12.70005
145.382319,-17.179853
130.866699,-12.368707
130.973847,-12.47784
144.897941,-15.529537
145.351181,-17.042096
145.515274,-17.0425
151.919078,-24.220287
145.334746,-16.803132
124.783279,-17.931728
145.549992,-16.9781
132.471561,-14.575993
131.147861,-13.381129
145.364977,-17.054917
132.216351,-12.409849
139.107819,-20.089981
149.505133,-22.340289
130.878708,-12.379992
148.617774,-20.336344
132.669874,-12.872328
145.250008,-16.685585
121.965592,-18.603449
152.388463,-24.79281
151.390808,-23.96488
146.294086,-18.991309
130.658875,-13.127367
151.913765,-24.211723
153.066319,-25.811373
146.111603,-20.554712
130.856782,-12.387125
142.459255,-10.787851
145.61095,-17.50008
130.870209,-12.372714
143.012068,-13.551307
145.25382,-15.481881
130.851822,-12.384295
136.786099,-12.183534
146.75647,-19.330167
145.244553,-15.550731
130.868864,-12.371995
152.662925,-25.379132
132.099609,-12.822514
150.732527,-23.116912
130.836303,-12.815058
128.73608,-15.78641
146.139366,-20.530623
145.178016,-15.462008
145.569397,-17.005183
128.746839,-15.405775
130.880363,-12.363051
130.852725,-12.384624
147.815433,-21.174909
153.10635,-26.391608
150.764263,-23.155906
131.11084,-12.64789
132.817353,-12.674536
145.233021,-15.819631
153.038681,-26.411611
152.441253,-24.7961
130.868864,-12.371995
131.184803,-13.475855
145.452839,-16.979125
145.51736,-17.0857
145.363999,-16.801454
129.090299,-15.858909
152.503687,-25.731866
152.439635,-24.79552
132.233843,-12.775629
152.900619,-27.645506
129.522282,-14.247766
147.97702,-20.204872
130.867881,-12.361607
145.18,-15.54
145.427342,-17.008531
146.753708,-19.322512
132.840698,-12.66074
151.910206,-24.208489
151.801359,-24.215002
150.478918,-23.167585
153.062211,-25.80932
153.166725,-27.087228
122.222162,-17.974364
130.84155,-12.806062
130.872694,-12.370594
146.755969,-19.205861
146.829787,-19.284998
130.823153,-12.410261
151.914739,-24.21109
130.876619,-13.04751
146.45804,-19.097053
130.823333,-12.409444
143.33049,-12.696614
130.882916,-12.365272
130.868864,-12.371995
144.572833,-18.204177
130.703251,-13.192307
147.965821,-20.240986
131.633667,-12.882745
125.796198,-14.799548
132.804027,-12.709416
132.768873,-12.735864
148.846162,-20.946019
143.165109,-12.721717
146.11145,-20.554897
131.24707,-13.979426
145.420489,-16.926839
122.344628,-17.97516
147.054898,-19.514071
150.496663,-23.253021
131.318663,-12.651005
130.85669,-12.387988
139.251975,-18.652551
151.91762,-24.214576
132.803443,-12.853893
145.558464,-16.986437
132.087036,-14.185405
152.440492,-24.797122
131.546133,-12.718482
148.333588,-22.155603
153.107355,-26.399447
142.287535,-12.658347
145.479777,-17.053902
146.147488,-18.656147
130.868864,-12.371995
142.398184,-10.992496
128.752806,-15.853619
146.67067,-19.200804
151.293543,-24.067529
133.430437,-16.78585
130.869542,-12.371149
150.765175,-23.019771
133.184967,-15.440095
145.351181,-17.042014
132.725942,-12.863408
146.756103,-19.322642
122.344885,-17.975151
130.870651,-12.370779
132.869933,-14.769341
152.570566,-25.121898
130.851154,-12.381178
130.856332,-12.378773
124.785308,-17.930928
153.102841,-26.424636
143.550727,-14.919454
148.616376,-20.32407
153.059128,-25.810617
152.439659,-24.795529
131.292432,-12.555439
143.323588,-18.48776
132.438431,-12.700211
145.569337,-17.005164
128.734573,-15.842461
125.916367,-15.114055
145.180183,-15.463106
145.372223,-16.916153
130.868864,-12.371995
145.331288,-16.642657
152.6266,-25.293
151.265833,-23.926853
146.75653,-19.217863
131.090185,-12.70994
145.418855,-16.89983
143.072097,-13.85416
130.868864,-12.371995
145.289073,-20.611946
144.195652,-14.924674
145.356159,-17.049264
132.51005,-14.581157
152.959619,-25.774764
143.352853,-12.718163
145.5805,-17.0144
130.879286,-12.362103
130.869615,-12.371289
151.139466,-23.780213
151.885866,-24.150242
146.145145,-18.656809
141.881479,-12.671104
130.879438,-12.383126
153.095979,-26.478572
132.165185,-11.156009
153.069539,-25.84613
142.255782,-11.146165
145.520498,-17.043957
148.617143,-20.324999
152.389083,-24.78922
143.355912,-12.672738
143.554047,-14.75018
140.927947,-21.052364
145.360752,-16.924804
146.760141,-19.224906
130.855667,-12.376117
122.254676,-17.934687
145.374372,-16.925436
136.421695,-13.971529
122.232423,-17.972242
145.351181,-17.042096
145.360221,-16.924353
130.792765,-12.947632
131.630931,-12.891546
153.059082,-25.896156
145.580195,-17.01449
130.822222,-12.410833
122.21784,-17.972335
130.895819,-12.386925
151.390687,-23.964725
145.395469,-16.991728
143.328237,-12.702257
151.926616,-24.229504
145.589468,-17.026312
132.731842,-12.830244
130.850554,-12.4203
146.755613,-19.3267
145.351893,-17.041963
131.632126,-12.887288
132.42055,-12.70163
131.940858,-14.62307
145.352277,-16.729472
146.751813,-19.201884
146.150599,-18.653884
130.185638,-17.75534
148.13875,-20.686943
153.103303,-26.423563
130.848904,-12.380315
142.12618,-14.57612
130.856351,-12.387619
153.107462,-26.397626
130.826096,-12.410781
131.522318,-12.751453
122.352957,-17.873074
131.346315,-12.655431
130.84198,-12.380114
153.121308,-27.02863
125.427812,-16.667335
130.856209,-12.387287
122.216171,-17.926954
153.102888,-26.426072
152.548403,-25.097729
145.352211,-17.044189
146.672592,-19.278363
132.786452,-12.725205
145.56689,-16.99166
145.541933,-16.973076
153.189469,-25.931731
132.144363,-11.134179
125.435926,-16.665556
152.883659,-26.845
130.886942,-12.370758
145.548172,-16.79835
153.108514,-26.383647
152.441452,-24.798656
146.473,-19.3791
135.497617,-15.25968
151.363099,-23.941634
132.734806,-12.849299
132.880135,-14.774672
148.05397,-20.70548
131.609432,-12.703529
122.219467,-17.950836
125.696184,-14.81617
131.110421,-12.581604
143.380958,-12.639097
152.448722,-24.801194
122.909369,-16.605267
130.845703,-12.387889
130.891307,-12.389908
145.369705,-17.055539
146.146155,-18.657057
152.901128,-25.664023
130.877888,-12.361712
146.758707,-19.327169
132.640369,-12.895781
145.34188,-16.612904
132.756503,-14.702315
145.865649,-18.646776
149.477325,-21.743102
146.026306,-18.282547
145.212964,-15.656293
132.056055,-14.716547
153.106303,-26.382835
148.138859,-20.687321
122.215295,-17.980912
146.258625,-18.706737
130.888871,-12.359154
123.640909,-17.311645
132.271557,-13.558086
132.698179,-12.639893
153.125549,-27.033909
152.442131,-24.798347
126.026127,-17.652635
145.36022,-16.924343
130.866072,-12.368708
146.970138,-19.61798
131.623706,-15.203625
126.111096,-17.512906
139.192437,-16.62856
146.470595,-19.340357
131.827322,-14.977313
152.439645,-24.795488
131.631451,-12.888574
145.598472,-16.92551
139.487249,-20.72061
146.182433,-18.867277
130.97998,-12.69843
131.143383,-12.998445
145.351983,-17.041559
152.593549,-25.165748
131.001424,-12.709349
141.867498,-12.583089
136.503417,-13.972447
131.162373,-12.214716
146.293113,-19.981713
132.781752,-12.651636
131.514375,-12.763022
146.755769,-19.215229
122.241139,-17.984465
126.30355,-15.44419
143.405272,-12.608647
146.906062,-19.374523
152.121162,-24.612688
146.757735,-19.328186
122.344613,-17.975455
130.674225,-11.712283
132.791907,-12.820836
153.109841,-26.392027
153.112662,-26.391989
145.350205,-16.982412
152.52153,-25.373267
122.086563,-18.399175
145.365107,-17.012893
145.515292,-17.082523
152.481482,-25.712735
147.978347,-20.386762
153.107765,-26.396798
152.871555,-25.743045
146.6016,-19.1752
146.753695,-19.205496
132.524022,-12.970414
131.024956,-13.038804
153.024333,-25.959417
136.786099,-12.183539
130.865403,-12.369045
130.893056,-12.339444
130.651611,-11.735216
132.349371,-14.473556
145.048655,-21.331279
142.57657,-12.088955
132.410756,-13.111833
145.359864,-16.925242
151.361088,-23.939567
131.522875,-12.750499
152.300128,-24.730551
145.521303,-17.048258
131.534503,-12.735095
147.009466,-19.626142
130.851041,-12.38122
145.223192,-15.637068
146.148719,-18.656714
142.281898,-12.649762
152.961987,-25.759139
130.850388,-12.37805
130.881052,-12.362538
148.967638,-20.901373
153.059363,-25.89645
144.57547,-17.25485
131.067278,-12.550096
131.510132,-12.770913
125.252018,-17.680463
145.540915,-17.056998
152.458817,-24.942942
152.122483,-25.353947
130.858322,-12.381212
143.40537,-12.607901
130.858125,-12.38708
131.534685,-12.735035
130.847426,-12.377739
143.359776,-12.672419
151.377569,-23.955226
130.883775,-12.372551
145.906742,-18.77155
131.552703,-12.799933
153.088745,-26.634695
132.797068,-12.718378
130.883775,-12.372551
147.471277,-19.556976
152.675516,-25.245968
151.361297,-23.939426
133.170897,-15.389797
135.351304,-15.769743
149.350252,-21.638146
144.572372,-18.202005
153.068195,-25.830779
146.752482,-19.217522
152.958825,-25.763309
145.589851,-17.025402
142.152728,-11.914144
151.913405,-24.212338
146.669718,-19.206603
125.468015,-17.152359
130.657831,-11.725093
136.786099,-12.183534
132.650344,-12.630106
151.244472,-23.75155
145.385403,-17.028741
122.250076,-17.909518
152.193739,-24.659739
147.054566,-19.514744
151.917452,-24.215788
130.853654,-12.377588
132.844635,-12.832567
132.64593,-12.891754
146.755284,-19.332118
122.233892,-17.971972
145.596567,-17.02483
132.824574,-12.661699
145.350695,-17.040926
145.4915,-17.264642
145.326871,-17.357483
152.324988,-25.509908
145.351181,-17.042096
151.884583,-24.164338
151.376958,-23.95656
145.548308,-16.796908
145.517271,-17.084099
130.851871,-12.379314
146.741807,-19.207633
132.964186,-12.417231
132.546098,-12.656295
152.439742,-24.795722
141.86667,-12.586248
134.699587,-16.52838
145.395492,-16.99168
153.122638,-27.027622
145.351181,-17.042096
122.366287,-17.862293
131.633562,-12.882703
132.086961,-14.185342
126.366944,-15.853889
152.760538,-25.811995
152.564303,-25.116647
152.588742,-25.17103
145.543558,-16.977279
148.561107,-20.488044
122.344884,-17.97509
148.559378,-20.279136
130.845933,-13.102246
131.633605,-12.882712
149.2,-21.3
130.851928,-12.377449
142.4,-10.9
149.2,-21.3
145.5,-17.1
146.756867,-19.3323
146.754197,-19.32808
149.2,-21.3
153.1,-26.4
132.8,-12.8
145.36127,-16.921405
130.871635,-12.369419
131,-12.4
130.059067,-11.725842
149.2,-21.3
131.473044,-12.807489
153.062638,-25.810443
144.444442,-15.448912
145.551728,-16.918777
136.421569,-13.84806
143.6,-14.8
130.870066,-12.372883
150.505158,-22.886983
145.55161,-16.916864
143,-12.9
151.9,-24.2
136.421093,-13.849262
145.3,-16.6
130.877075,-12.371991
130.8,-12.8
136.421168,-13.849334
146.8,-19.2
152.311142,-24.915287
146.755931,-19.326465
130.9,-12.4
146.905062,-19.374403
143.139647,-13.795249
146.753921,-19.322336
145.5,-17
145.556107,-16.986569
147.9,-20.3
132.4,-14.5
145.60292,-16.879528
133.9,-12.7
132.5,-12.9
134.009409,-14.794263
148.955653,-20.885168
130.852679,-12.377068
130.854795,-12.383717
132,-14.3
136.8,-16.2
152.8,-27.7
125.9,-15.1
132.3,-14.5
132.2,-14.5
153.033678,-27.462744
130.851483,-12.377652
132.4,-14.5
126.782965,-15.984569
142.96001,-14.87
145,-22.5
150.5,-23.37
143.19896,-13.94558
134.919,-12.1018
131.47,-13.58
136.629,-12.2661
130.841,-12.4629
143.280709,-12.651833
145.370508,-16.919333
145.388138,-16.916671
132.25616,-12.769491
122.345381,-17.975669
122.328901,-17.880085
132.61,-12.91
151.093195,-24.200935
132.401733,-12.740819
132.604137,-12.929889
145.370508,-16.919333
149.570219,-23.864899
149.570219,-23.864899
130.8407,-12.4629
149.570219,-23.864899
151.706389,-24.823389
149.570219,-23.864899
149.570219,-23.864899
149.570219,-23.864899
149.570219,-23.864899
149.570219,-23.864899
149.570219,-23.864899
149.570219,-23.864899
149.570219,-23.864899
151.706389,-24.823389
149.570219,-23.864899
149.570219,-23.864899
149.570219,-23.864899
149.570219,-23.864899
151.706389,-24.823389
149.570219,-23.864899
151.706389,-24.823389
149.570219,-23.864899
149.570219,-23.864899
149.570219,-23.864899
149.570219,-23.864899
149.570219,-23.864899
152.283962,-24.924393
145,-20
145,-20
136.45,-13.95
123.62889,-17.30333
146.82352,-19.282533
136.45,-13.95
123.62889,-17.30333
146.03333,-17.53333
145.563125,-16.784291
146.055,-18.3166
146.055,-18.3166
130.833,-12.45
132.866,-14.8
132.233,-11.266
146.133,-18.583
146.133,-18.583
126.22221,-14.96361
132.883,-12.65
132.233,-11.266
151.116,-25.366
130.833,-12.45
150.733,-23.133
150.383,-23.65
136.883,-12.25
152.483,-24.883
132.9,-12.633
146.816,-19.266
130.833,-12.45
130.833,-12.45
142.15,-10.683
136.433,-13.933
145.766,-16.916
153.016,-26.8
152.45,-25.216
129.516,-14.233
125.21943,-17.1361
149.666,-23.716
132.933,-12.683
132.933,-12.683
136.416,-13.833
143.416,-12.6
149.566,-23.866
130.9,-12.383
136.416,-14.05
130.833,-12.45
142.216,-10.583
125.21943,-17.1361
130.833,-12.45
134.216,-12.05
132.65,-12.783
136.883,-12.25
132.9,-12.633
130.833,-12.45
143.166,-13.95
146.133,-18.583
126.22221,-14.96361
126.22221,-14.96361
145.25,-15.466
136.45,-13.966
130.833,-12.45
136.883,-12.25
128.683,-15.6
132.833,-12.633
142.966,-13.1
136.583,-14.083
150.733,-23.116
136.883,-12.25
143.2,-13.95
125.21943,-17.1361
132.883,-12.633
146.133,-18.583
142.666,-12.666
136.416,-14.05
136.416,-13.833
143.19903,-13.94573
130.9,-12.383
130.833,-12.45
136.45,-13.966
143.2,-13.95
132.933,-12.683
128.683,-15.6
130.9,-12.383
152.483,-24.883
136.433,-13.966
127.85,-15.183
136.433,-13.966
145.566,-17.616
143.55,-13.983
136.416,-13.833
130.9,-12.383
143.55,-13.983
126.22221,-14.96361
136.883,-12.25
152.35,-24.866
146.816,-19.266
145.25,-15.466
131.25,-12.633
132.85,-12.45
132.416,-12.6
126.183,-16.3
144.316,-18.15
134.216,-12.05
130.833,-12.45
136.416,-13.833
132.266,-14.466
141.883,-11.966
142.466,-10.833
132.9,-12.666
134.216,-12.05
136.466,-13.983
132.85,-12.6
152.35,-24.866
132.333,-11.333
131.483,-13.583
132.883,-12.633
132.9,-12.633
147.26102,-20.12834
142.566,-10.766
152.35,-24.866
132.333,-11.333
133.5,-14.883
125.21943,-17.1361
145.316,-15.966
145.316,-15.966
150.8,-25.416
132.266,-14.466
125.21943,-17.1361
141.64673,-8.71219
141.59755,-8.70291
141.59755,-8.70291
141.59755,-8.70291
141.64673,-8.71219
141.73333,-8.61667
141.64673,-8.71219
141.59755,-8.70291
141.64673,-8.71219
145.4833,-17.2667
150.1992,-22.4061
141.59755,-8.70291
141.64673,-8.71219
141.73333,-8.61667
141.59755,-8.70291
141.64673,-8.71219
141.64673,-8.71219
143.4667,-13.7056
141.64673,-8.71219
141.64673,-8.71219
141.64673,-8.71219
141.64673,-8.71219
141.64673,-8.71219
143.4667,-13.7056
132.8667,-12.6
132.8167,-13.2667
147.0333,-19.2833
141.64673,-8.71219
150.1992,-22.4061
141.64673,-8.71219
131.05,-12.5333
141.64673,-8.71219
136.1333,-16.5167
141.64673,-8.71219
141.64673,-8.71219
141.64673,-8.71219
131.0167,-12.1833
132.5167,-12.975
142.87,-8.78
133.22,-15.57
143.28,-12.77
136.67,-15.8
130.83,-12.45
142.87,-8.78
122.679,-17.8158
133.05,-12.32
122.679,-17.8158
130.78,-11.45
136.67,-15.8
132.27,-14.47
136.67,-15.8
133.05,-12.32
143.2,-13.95
122.23,-17.97
142.87,-8.78
146.82,-19.27
142.87,-8.78
142.87,-8.78
133.802,-12.2525
133.05,-12.32
144.93,-17.35
136.67,-15.8
136.67,-15.8
122.23,-17.97
142.87,-8.78
128.87,-17.4
143.65,-15.98
142.87,-8.78
136.67,-15.8
143.17,-8.93
122.679,-17.8158
142.87,-8.78
122.23,-17.97
131.963,-16.0596
136.67,-15.8
122.679,-17.8158
122.679,-17.8158
130.83,-12.45
136.67,-15.8
122.679,-17.8158
142.87,-8.78
136.67,-15.8
132.883,-12.583
135.633,-17.833
128.9,-15.8
130.85,-12.367
131.183,-13.483
138.017,-18.617
130.833,-12.45
130.833,-12.45
132.383,-12.733
131.1,-13.083
131.917,-13.95
146.267,-20.05
130.833,-12.45
130.85,-12.433
131.333,-12.683
132.267,-14.467
132.067,-14.167
132.9,-12.667
132.75,-12.85
132.883,-12.65
130.857,-12.383
131.567,-12.85
136.417,-13.85
130.833,-12.45
132.65,-12.75
132.867,-12.6
136.5,-13.9
130.822,-12.446
130.834,-12.437
133.217,-15.583
130.983,-12.483
131.183,-13.483
132.767,-12.85
131.183,-13.483
136.45,-13.983
130.943,-11.905
131.45,-13.633
130.867,-12.367
128.733,-16.117
132.5,-14.667
132.267,-14.467
131.5,-13.417
131.183,-13.483
131.183,-13.483
130.891,-12.392
131.033,-13.067
131.533,-12.683
132.733,-12.817
131.183,-13.483
132.9,-12.667
132.55,-12.717
131.183,-13.483
132.267,-14.467
131.483,-13.467
136.5,-13.9
131.55,-12.583
130.896,-12.383
131.183,-13.483
130.85,-12.467
131.117,-12.583
130.9,-12.367
131.233,-13.067
132.65,-12.75
132.943,-12.432
130.174,-16.819
132.4,-14.533
131.063,-12.744
130.833,-12.433
132.9,-12.667
130.888,-12.387
131.5,-13.383
130.9,-12.4
130.85,-12.383
122.783,-17.817
131.183,-13.483
130.9,-12.4
130.903,-11.505
131.183,-13.483
130.917,-12.417
130.9,-12.717
137.95,-17
131.05,-12.542
131.117,-12.583
130.867,-12.383
132.883,-12.483
142.833333,-11.65
145.563056,-16.784167
145.2,-15.433333
144.95,-15.783333
130.833333,-12.45
144.8,-14.7
153.0674524,-26.4318741
145.1841788,-15.4819391
130.7,-12.45
146.679722,-19.148889
153.083333,-27.366667
152.55,-25.316667
144.754444,-16.189167
141.883333,-12.683333
139.25,-18.65
146.8175043,-19.2485857
145.316667,-15.7
150.633333,-23.216667
152.7007846,-25.2652124
153,-27.283333
152.716667,-25.25
130.833333,-12.45
151.115,-23.754167
150.416667,-23.383333
152.833333,-25.3
153.133333,-26.8
131.25,-12.633333
148.413889,-21.743333
145.15,-15.416667
145.533333,-19.683333
151.9,-26.033333
150.533333,-23.366667
142.61599,-11.92659
153.033333,-27.416667
146.8175043,-19.2485857
146.816667,-19.25
152.666667,-26.183333
142.95,-13.083333
145.3441797,-16.6069335
131.25,-12.633333
153.033333,-27.65
153.066667,-27.55
152.983333,-26.683333
153.116667,-27.2
152.666667,-26.183333
145.473611,-18.3075
144.816667,-15.266667
150.65,-22.85
143.116667,-13.066667
143.316667,-13.7
152.683333,-26.383333
153,-26.75
142.95,-13.083333
152.816667,-27.6
142.833333,-11.65
148.674167,-22.668889
152.983333,-27.55
152,-24.983333
150.983333,-23.65
153.033333,-27.716667
153.033333,-27.65
148.516667,-22.8
148.583333,-20.4
150.133333,-22.916667
145.183333,-15.533333
152,-25.266667
150.466667,-23.183333
145.118889,-15.429722
152.95,-26.85
148.583333,-20.4
142.416667,-13.716667
148.416667,-23.083333
153,-26.216667
151.107778,-23.7425
139.75,-17.95
137.783889,-17.21
153,-26.216667
140.5,-20.7
144.808333,-18.141667
131.25,-12.633333
153.083333,-25.983333
130.7,-12.45
145.118889,-15.429722
145.41,-16.885
145.118889,-15.429722
152.95,-26.85
130.833333,-12.45
145.316667,-17.366667
145.1008463,-15.2819402
153.016667,-27.583333
145.2341774,-15.1152748
153.033333,-27.716667
142.95,-13.083333
147.261111,-20.136389
153.033333,-27.566667
130.1742,-16.8186
130.9053,-11.5089
145.63,-16.82
141.1594,-17.5306
125.8014,-14.8025
142.8689,-8.7911
143.53,-14.12
130.1742,-16.8186
142.8689,-8.7911
145.55,-17.22
140.2339,-20.1353
130.9,-12.37
139.35,-16.6
142.8689,-8.7911
139.35,-16.6
139.35,-16.6
142.8689,-8.7911
130.83,-12.45
126.0906,-16.575
139.35,-16.6
141.1594,-17.5306
131.05,-12.45
130.9486,-11.9086
139.35,-16.6
130.9053,-11.5089
136.88,-12.25
139.25,-18.63
130.83,-12.45
126.18,-16.3
139.35,-16.6
130.9,-12.37
131.17,-11.58
146.82,-19.27
123.1164,-17.6672
146.82,-19.27
126.18,-16.3
142.8689,-8.7911
126.3669,-15.8539
136.88,-12.25
131.83,-13.82
146.82,-19.27
136.47,-13.98
130.83,-12.45
126.3611,-16.5161
140.0306,-19.0508
131.15,-13.42
130.9486,-11.9086
132.37,-13.25
139.35,-16.6
123.616667,-17.3
125.333333,-15.783333
122.85,-16.566667
127.65,-18.216667
126.496944,-14.794722
123.616667,-17.3
125.466667,-16.716667
123.933333,-18.033333
128.7,-15.65
125.366667,-16.616667
127.85,-15.183333
128.333333,-16.25
123.616667,-16.183333
122.85,-16.566667
125.733333,-14.733333
122.55,-17.2
126.233333,-17.183333
125.833333,-14.55
123.25,-17.516667
123.933333,-18.033333
126.3,-15
126.633333,-14.3
128.75,-15.833333
123.616667,-16.183333
125.8,-14.65
122.466667,-17.483333
128.733333,-15.783333
122.05,-17.8
122.45,-17.5
125.733333,-14.683333
123.716667,-16.633333
125.783333,-16.9
123.616667,-16.183333
125.816667,-14.916667
123.868611,-17.374722
122.916667,-16.466667
128.733333,-16.116667
126.716667,-14.133333
128.717222,-15.788333
123.616667,-17.3
126.633333,-14.3
125.833333,-14.866667
123.833333,-16.683333
122.616667,-17.966667
122.707222,-17.076667
126.633333,-14.3
123.616667,-16.183333
124.583333,-17.083333
126.142778,-13.965278
128.116667,-15.483333
127.85,-15.183333
130.833333,-12.45
130.833333,-12.45
125.804167,-14.633333
122.833333,-16.75
125.166667,-17.133333
126.633333,-14.3
125.833333,-14.7
128.116667,-15.483333
125.583333,-15.316667
136.482598,-14.152938
131.18099,-13.80439
130.68855,-11.69171
130.88642,-11.78753
130.989464,-12.505187
130.949827,-11.36322
132.186988,-14.181855
132.36032,-11.3779
132.25351,-14.12731
132.19974,-11.19686
136.566533,-14.211402
131.05034,-12.46498
136.509533,-14.17686
130.988596,-12.709822
136.82965,-12.37075
132.413407,-12.70059
136.666517,-13.750308
132.19974,-11.19686
136.462468,-14.118514
130.878969,-12.364707
136.468596,-14.153196
136.518007,-14.195879
132.21282,-11.21467
135.08942,-15.30597
131.086213,-12.713591
130.328216,-11.64107
131.666935,-15.41139
136.536558,-14.212654
136.566533,-14.211402
131.181755,-13.796083
130.88274,-12.40369
136.48521,-14.169066
131.89469,-11.27286
136.566049,-14.211098
136.462468,-14.118514
130.116059,-11.763377
130.33927,-11.67273
136.5361,-14.212061
136.660442,-13.743135
130.907395,-12.435191
136.463259,-14.119133
130.136069,-11.80361
131.604543,-12.888588
136.468596,-14.153196
136.34641,-14.207961
132.329805,-12.5448
136.53366,-13.86535
132.271212,-14.46858
136.56811,-14.203582
133.686223,-12.395935
136.5361,-14.212061
136.6813,-13.92377
136.48521,-14.169066
126.6295,-14.2277
137.5572,-16.4449
136.527771,-14.197073
136.655955,-13.744329
130.820493,-11.821757
136.568631,-14.203986
136.23032,-13.73892
136.486272,-14.13379
130.897747,-12.344773
136.547199,-14.233719
132.061212,-14.068582
132.643503,-12.911698
136.569063,-14.20345
130.949827,-11.36322
130.340928,-11.638405
136.464947,-14.209081
130.837426,-12.420752
132.398118,-12.664781
132.371205,-13.148584
132.134528,-11.131922
132.398118,-12.664781
132.3806,-11.22901
130.982988,-12.650205
136.566049,-14.211098
136.467976,-14.134601
132.435286,-12.672479
131.72187,-12.64398
132.22668,-11.22851
130.81728,-13.11947
132.81556,-11.48759
130.837426,-12.420752
130.90786,-12.41346
134.400592,-14.106144
133.73177,-16.14594
131.146212,-12.590591
134.03886,-12.61637
136.578948,-14.236674
130.89731,-12.374757
132.890735,-12.888615
131.24328,-12.57038
130.839624,-12.458439
130.89433,-12.41555
132.25351,-14.12731
133.30408,-12.79451
130.44041,-16.04968
135.36669,-12.096
136.557854,-14.203695
130.85399,-13.49578
131.303238,-13.934912
136.54311,-13.87748
130.879936,-12.390614
136.54,-14.07
136.568569,-14.20301
133.20071,-15.51529
136.66763,-13.723754
133.30307,-12.79512
132.398118,-12.664781
130.339613,-11.648249
136.552996,-14.234431
136.565589,-14.211598
136.498371,-14.150978
130.99521,-14.05008
136.49134,-14.121753
136.547518,-14.234322
132.38091,-13.6221
132.38048,-13.62241
132.3399,-14.06778
130.893114,-12.384485
136.578389,-14.236226
130.871389,-12.388622
132.36032,-11.3779
131.89477,-11.29084
134.731191,-14.678567
132.435286,-12.672479
130.494368,-11.505683
132.401669,-14.518895
132.42725,-11.41134
130.32044,-11.636226
134.321205,-16.518564
136.569063,-14.20345
132.94389,-12.321
136.537121,-14.212298
130.890126,-12.39208
136.451074,-13.866124
130.2322,-11.464
136.569063,-14.20345
130.33481,-11.38896
130.97403,-12.43495
130.83692,-12.41777
137.684505,-17.181873
130.963102,-13.26475
130.89731,-12.374757
130.893114,-12.384485
133.4615,-16.30086
136.49134,-14.121753
130.8262,-12.83142
131.992375,-15.69738
130.855214,-12.379593
131.820278,-13.638611
131.18889,-12.33377
136.631167,-13.818561
136.479289,-14.107293
132.30579,-14.03234
130.336541,-11.636157
131.002724,-13.542142
133.3042,-12.79495
136.659614,-13.757617
130.887368,-12.371719
132.378502,-12.550485
130.891339,-12.390673
133.6795,-12.1477
136.449551,-13.977849
131.992044,-15.69656
130.85897,-12.40247
136.469632,-14.155287
130.893114,-12.384485
130.868,-12.402667
136.43919,-14.152181
130.50461,-11.47574
130.890126,-12.39208
130.887368,-12.371719
133.424711,-13.132339
132.22659,-11.23747
130.890126,-12.39208
136.478897,-14.106753
132.63205,-12.90324
136.568631,-14.203986
130.339613,-11.648249
130.84736,-12.385704
131.162601,-12.382841
130.949827,-11.36322
131.704316,-15.411229
130.84317,-12.446283
130.1812,-11.4303
136.305183,-16.067554
130.541646,-11.528508
136.663418,-13.774838
136.501107,-14.109689
130.78239,-11.447176
130.90646,-12.40628
136.655474,-13.758726
131.18985,-14.07459
130.84736,-12.385704
136.568631,-14.203986
132.41121,-14.31858
130.8342,-11.8141
133.471217,-17.068568
132.770771,-13.034975
135.230169,-14.528003
131.668065,-15.411513
130.866,-12.39842
132.084555,-16.415248
136.55731,-14.204168
132.75119,-14.50378
132.351401,-12.610902
130.915942,-12.401652
132.451209,-14.17247
134.101729,-12.530831
130.90786,-12.41346
130.8725,-11.8115
130.890126,-12.39208
130.948234,-12.561109
136.565123,-14.251499
132.36234,-11.3648
132.2429,-15.27578
133.678637,-12.612426
130.54109,-11.52891
136.54311,-13.87748
130.890126,-12.39208
136.50824,-14.09105
132.828612,-12.654626
130.9323,-12.4077
130.325405,-11.628905
129.8716,-14.2603
136.465339,-14.135969
130.36851,-15.48999
130.82598,-12.41112
132.351802,-12.468886
134.01327,-12.53959
132.36032,-11.3779
130.88274,-12.40369
136.569405,-14.224842
131.06252,-12.46695
132.413407,-12.70059
132.103399,-14.511272
130.68855,-11.69171
130.88274,-12.40369
133.30357,-12.7957
136.478897,-14.106753
132.30786,-13.57852
136.468596,-14.153196
136.643274,-13.73373
133.13637,-14.88395
131.68737,-12.71978
130.948234,-12.561109
136.548867,-14.224163
136.463259,-14.119133
132.8375,-12.6589
132.241051,-14.440044
130.893114,-12.384485
132.201163,-11.223698
132.909353,-12.891095
130.192584,-11.738663
131.703667,-15.41118
132.31861,-12.621
131.086213,-12.713591
131.20719,-12.3385
137.57253,-16.45023
130.90646,-12.40628
136.4535,-13.940285
130.858613,-12.382825
132.34278,-12.621
132.38091,-13.6221
136.491485,-14.10992
130.89433,-12.41555
131.902415,-15.4108
133.2134,-15.81587
129.455622,-14.356788
130.858613,-12.382825
133.955567,-12.167917
136.662335,-13.732812
130.902423,-12.393793
131.825498,-13.758719
132.25351,-14.12731
132.23081,-17.21897
130.918641,-12.536384
132.909353,-12.891095
130.336541,-11.636157
136.478155,-14.121185
131.308864,-13.944301
130.315882,-11.643491
136.670715,-13.76858
136.544379,-14.200528
130.831214,-12.448593
137.61983,-16.43538
130.883209,-12.384201
130.983537,-12.480611
131.851667,-13.616667
132.373043,-14.504815
130.336541,-11.636157
133.678637,-12.612426
130.854088,-12.382802
131.07059,-13.34998
132.351401,-12.610902
133.22121,-15.568573
130.543121,-11.523293
130.336541,-11.636157
129.544779,-15.488199
131.181753,-13.79612
130.857,-12.375959
136.485782,-14.106856
131.89469,-11.27286
136.499101,-14.166838
132.13198,-12.860504
131.758202,-11.311592
131.89836,-11.27199
136.100052,-16.397375
131.916905,-15.741717
130.857,-12.376
136.536558,-14.212654
130.913908,-12.518341
132.25643,-14.12804
130.890126,-12.39208
136.485815,-14.125187
129.410713,-14.371567
130.54109,-11.52891
132.67361,-13.12
133.30357,-12.7957
130.902423,-12.393793
130.33542,-11.38879
133.4451,-16.64476
136.557341,-14.203201
133.051195,-12.318583
132.250827,-14.416272
135.230169,-14.528003
132.70194,-12.56
130.878969,-12.364707
130.963967,-11.401618
132.36032,-11.3779
134.751177,-11.948577
130.88274,-12.40369
133.68089,-12.612187
130.911748,-14.211678
134.178208,-14.188505
136.479038,-14.101419
130.721218,-13.078591
132.95556,-12.406
131.706035,-15.411274
132.189743,-14.179217
130.33044,-11.50719
130.971667,-12.487287
133.25121,-15.665242
136.544379,-14.200528
130.1316,-15.1364
133.543266,-12.756145
132.251212,-14.448581
133.467882,-16.29857
130.54523,-11.52932
130.953344,-12.947405
132.50118,-13.51858
136.336056,-14.213804
131.146212,-12.581924
134.25228,-14.73997
130.65031,-12.42942
130.87361,-13.82249
129.70119,-14.893579
131.091213,-12.627591
131.281211,-12.56859
130.323265,-11.632341
130.915942,-12.401652
134.33858,-14.64837
131.89978,-11.24114
130.708391,-11.544176
129.476184,-14.383244
130.879936,-12.390614
130.717889,-13.181921
136.536558,-14.212654
130.66449,-13.14078
136.57085,-14.09333
130.89731,-12.374757
130.494825,-11.505572
136.66792,-13.773779
131.079223,-12.542114
134.178208,-14.188505
136.647103,-13.728203
136.53357,-13.86659
136.663059,-13.843849
132.401057,-14.509917
130.20731,-15.88638
130.136242,-11.783707
129.900447,-15.48206
130.344882,-11.657277
135.0012,-16.74856
130.16883,-16.75688
130.802829,-11.817556
131.08508,-12.56518
136.56811,-14.203582
130.902423,-12.393793
133.68089,-12.612187
131.164545,-12.583591
133.678637,-12.612426
131.241212,-12.60359
136.485351,-14.111817
130.344882,-11.657277
136.536558,-14.212654
131.23209,-13.81779
130.192584,-11.738663
132.63205,-12.90324
130.3354,-11.38929
132.56021,-11.3833
130.983537,-12.480611
136.486907,-14.109442
133.086825,-13.358441
132.24503,-11.24653
130.867,-12.36964
132.63205,-12.90324
130.89731,-12.374757
130.825851,-12.456553
130.902423,-12.393793
130.873165,-12.38108
130.888962,-12.400295
130.55071,-11.487
130.30229,-11.62123
131.301211,-12.54859
130.046248,-17.316589
130.87155,-11.8181
132.451209,-14.17247
130.89731,-12.374757
131.631209,-12.698588
132.353208,-14.450153
130.84736,-12.385704
130.83841,-12.459847
136.532323,-13.811748
133.467882,-16.29857
134.37399,-14.80707
130.873165,-12.38108
136.486291,-14.130803
136.446238,-14.173824
136.50413,-14.191926
131.09733,-12.60871
131.604543,-12.888588
136.555115,-14.107647
136.478403,-14.144127
133.678637,-12.612426
132.36234,-11.3648
136.462831,-14.127506
136.53374,-13.86571
131.954065,-15.706116
137.69953,-17.201375
132.25351,-14.12731
130.84736,-12.385704
136.50497,-14.191487
130.85669,-13.49298
130.972733,-13.012937
136.643274,-13.73373
130.824637,-12.457961
137.415035,-16.720939
131.825498,-13.758719
132.25351,-14.12731
130.890126,-12.39208
136.467976,-14.134601
130.890126,-12.39208
136.643274,-13.73373
132.767837,-14.481003
130.902423,-12.393793
130.846,-12.3788
131.1484,-11.6828
136.537121,-14.212298
132.435286,-12.672479
136.465339,-14.135969
130.848574,-12.384297
130.891339,-12.390673
130.819341,-12.41215
136.450082,-14.18529
133.917714,-12.628217
131.991238,-15.701208
135.426248,-15.577922
130.988596,-12.709822
130.890126,-12.39208
136.53366,-13.86535
131.825498,-13.758719
130.54523,-11.52932
130.902423,-12.393793
130.98396,-12.59478
131.297678,-13.951627
130.860724,-12.392798
131.916905,-15.741717
130.933002,-12.428311
129.544779,-15.488199
132.31861,-12.621
132.392985,-14.519176
130.878214,-12.385593
132.099896,-14.525153
130.444048,-11.492755
130.315882,-11.643491
136.54,-14.07
131.975987,-14.141148
130.881214,-12.448592
130.890126,-12.39208
132.25013,-11.29662
132.70194,-12.56
130.89731,-12.374757
132.101208,-13.415254
136.530763,-13.843358
132.482484,-14.337768
131.909624,-14.216201
130.878969,-12.364707
132.25351,-14.12731
136.662335,-13.732812
132.435286,-12.672479
130.947605,-11.369149
135.004473,-14.386968
129.544779,-15.488199
136.465339,-14.135969
132.702519,-13.035887
130.54109,-11.52891
132.154573,-14.473834
130.903636,-12.392385
133.423998,-13.132778
136.486272,-14.13379
136.533722,-14.237349
130.858613,-12.382825
136.56811,-14.203582
130.844384,-12.444876
130.99461,-12.71402
136.547199,-14.233719
130.33481,-11.38896
130.871389,-12.388622
131.413587,-13.537366
130.84736,-12.385704
130.89731,-12.374757
130.925467,-12.526393
136.559911,-14.21319
132.42,-14.503333
132.189743,-14.179217
130.83368,-13.05438
132.751208,-14.518578
136.492137,-14.168653
130.86535,-12.40513
132.36076,-11.37805
130.873165,-12.38108
130.494645,-11.506061
134.424901,-14.720638
130.942277,-11.377342
130.871389,-12.388622
130.834408,-12.449335
132.36234,-11.3648
133.467887,-17.065238
130.860724,-12.392798
130.893114,-12.384485
130.360063,-11.667607
130.947432,-11.359689
131.092665,-12.433808
132.702519,-13.035887
130.871389,-12.388622
134.637907,-17.643212
130.142097,-15.318999
130.843,-12.3794
130.950321,-11.382846
136.560036,-14.212529
136.651055,-13.758773
130.890126,-12.39208
136.53279,-13.86603
136.536558,-14.212654
133.48935,-16.61225
131.082214,-12.726591
130.850852,-12.378767
131.302041,-12.56248
130.315882,-11.643491
130.890126,-12.39208
136.560036,-14.212529
129.446477,-14.356245
136.646225,-13.723369
130.891214,-12.392593
129.41857,-14.36491
131.705129,-15.411148
136.560036,-14.212529
130.902423,-12.393793
136.467976,-14.134601
130.27418,-11.6415
136.655955,-13.744329
130.845,-12.382
134.102024,-12.531129
136.496472,-14.220745
132.482484,-14.337768
136.655474,-13.758726
133.674647,-12.664942
130.883184,-14.034627
136.664117,-13.742036
130.1347,-13.11378
129.700566,-14.892948
134.03886,-12.61637
136.498017,-14.16689
130.890126,-12.39208
133.894037,-12.738043
136.544761,-14.195274
131.019931,-12.492416
131.976734,-15.699556
136.557854,-14.203695
130.602392,-11.567176
131.134546,-13.365259
130.1377,-15.1374
130.82178,-12.41168
132.36244,-11.27356
130.868469,-12.36854
135.059845,-14.036427
130.98689,-12.60157
130.953798,-11.370839
135.059845,-14.036427
136.478689,-14.107595
130.82178,-12.41168
130.802818,-11.80798
130.89731,-12.374757
133.82607,-17.21586
132.25622,-14.12687
132.435286,-12.672479
131.801201,-11.298592
136.663259,-13.810666
136.486357,-14.108931
136.467976,-14.134601
130.923213,-12.402592
136.465339,-14.135969
130.90646,-12.40628
130.915942,-12.401652
136.510515,-14.176781
130.344882,-11.657277
136.560036,-14.212529
130.868469,-12.36854
132.3399,-14.06778
130.88274,-12.40369
130.893114,-12.384485
136.411115,-14.190069
130.89731,-12.374757
130.344882,-11.657277
133.467887,-17.065238
130.868,-12.402667
132.6131,-12.6339
136.462198,-14.2008
136.465339,-14.135969
130.971667,-12.487287
131.019931,-12.492416
130.802829,-11.817556
133.30307,-12.79512
130.494645,-11.506061
136.48521,-14.169066
132.22225,-11.21029
130.953798,-11.370839
132.41788,-14.31525
136.557854,-14.203695
132.30786,-13.57852
132.392755,-14.51869
131.167722,-13.780885
136.527771,-14.197073
131.85038,-13.6024
136.646225,-13.723369
130.44041,-16.08668
136.649912,-13.741057
136.467976,-14.134601
130.963388,-11.392271
136.664117,-13.742036
136.467976,-14.134601
131.082214,-12.726591
136.662335,-13.732812
131.78887,-12.72838
130.970849,-12.505586
131.082214,-12.726591
136.559911,-14.21319
130.949827,-11.36322
132.351401,-12.610902
130.350104,-11.649231
136.465339,-14.135969
130.3354,-11.38929
132.770771,-13.034975
131.082214,-12.726591
130.834241,-12.438075
130.886155,-12.373127
136.662335,-13.732812
136.646726,-13.746119
133.14889,-14.93807
136.465339,-14.135969
131.095211,-12.437107
132.19959,-13.71598
132.42,-14.503333
131.27039,-12.56701
136.496283,-14.220177
132.834515,-12.614803
136.66792,-13.773779
130.9411,-12.4411
136.486272,-14.13379
130.866,-12.39842
131.90378,-11.28634
130.902423,-12.393793
131.89946,-11.25486
133.136829,-14.883996
136.53374,-13.86571
136.662335,-13.732812
132.43147,-12.7073
136.664117,-13.742036
130.959512,-11.413406
130.902423,-12.393793
130.74479,-13.21328
136.504844,-14.192057
130.890126,-12.39208
136.467754,-14.103364
136.560036,-14.212529
132.372444,-12.622862
133.637728,-12.769782
130.251,-11.4911
136.661734,-13.765764
134.101729,-12.530831
136.52742,-14.13203
136.468704,-14.130888
132.241051,-14.440044
132.334541,-14.41525
131.05034,-12.46498
136.484671,-14.168762
133.680409,-12.612422
136.670715,-13.76858
130.136069,-11.80361
130.890126,-12.39208
132.890735,-12.888615
132.25622,-14.12687
136.658998,-13.720482
132.36234,-11.3648
132.813766,-12.680703
130.921214,-12.498592
132.39731,-14.521998
130.959512,-11.413406
132.55377,-14.37209
131.664964,-15.410951
131.988038,-15.696623
130.85345,-12.422613
136.504844,-14.192057
136.43919,-14.152181
130.55033,-11.4893
130.43151,-16.09888
132.400868,-14.496362
132.33171,-12.61338
130.99521,-14.05008
130.113694,-11.759119
130.314425,-11.637496
130.133988,-11.789578
132.6761,-12.6328
130.933213,-12.411592
132.400543,-14.520121
136.70318,-16.163552
130.99751,-12.67512
130.55071,-11.487
130.350104,-11.649231
131.90378,-11.28634
130.983537,-12.480611
132.187271,-14.175494
132.134528,-11.131922
131.01435,-12.997785
136.480781,-14.094253
136.564796,-14.218889
130.819952,-12.411711
132.007247,-12.806627
136.687159,-12.190568
130.707211,-11.545596
132.240474,-14.440203
130.873204,-12.355959
130.974075,-12.433183
136.658998,-13.720482
130.85345,-12.422613
136.484073,-14.119475
136.484285,-14.169325
136.80317,-13.86875
132.448991,-14.563579
130.893114,-12.384485
136.662335,-13.732812
132.113013,-14.436438
130.99602,-11.70818
133.3042,-12.79495
129.544779,-15.488199
130.84317,-12.446283
131.4405,-14.45008
136.48569,-14.17114
132.331296,-14.450709
130.92271,-12.423106
136.559911,-14.21319
132.3149,-13.57669
130.902423,-12.393793
130.918641,-12.536384
136.462831,-14.127506
130.95891,-12.53977
130.902423,-12.393793
130.894328,-12.383078
136.66792,-13.773779
130.90786,-12.41346
136.485782,-14.106856
136.479135,-14.183693
130.859826,-12.381418
136.538748,-14.243309
134.178208,-14.188505
136.560036,-14.212529
130.890126,-12.39208
136.487048,-14.143278
131.90897,-11.23681
132.751208,-14.515248
130.541339,-11.529305
132.31189,-13.59144
130.8996,-11.7771
130.821071,-12.40638
136.66792,-13.773779
130.871214,-12.448592
131.384539,-12.36526
130.831214,-12.448593
131.002722,-13.542179
130.35109,-11.41304
130.879936,-12.390614
136.55731,-14.204168
133.674849,-12.665238
131.146212,-12.578591
130.92271,-12.423106
130.55033,-11.4893
130.494436,-11.50646
136.504844,-14.192057
130.879936,-12.390614
136.465703,-14.136365
136.405432,-14.186505
130.78199,-13.41158
130.360063,-11.667607
136.666517,-13.750308
130.33044,-11.50719
136.468704,-14.130888
132.034543,-14.198582
136.53357,-13.86659
130.953798,-11.370839
130.824637,-12.457961
136.55731,-14.204168
130.84317,-12.446283
130.89433,-12.41555
130.95585,-11.395533
132.331008,-12.543386
130.878969,-12.364707
136.569063,-14.20345
136.556816,-14.203692
136.650791,-13.726937
132.31116,-13.59162
136.578757,-14.235799
130.84736,-12.385704
131.146212,-12.578591
131.001212,-12.181923
132.10118,-13.41859
130.9859,-12.6945
136.536558,-14.212654
130.971667,-12.487287
136.465928,-14.208931
131.90881,-11.25024
130.33542,-11.38879
130.921757,-12.522353
132.242773,-14.394872
130.949827,-11.36322
130.878969,-12.364707
132.213138,-11.295531
136.537121,-14.212298
136.474075,-14.14376
130.902423,-12.393793
132.38048,-13.62241
130.902423,-12.393793
130.851214,-12.383593
131.825498,-13.758719
130.906311,-12.548674
133.31155,-12.79065
130.344882,-11.657277
134.458692,-14.723342
131.12679,-13.34908
130.92271,-12.423106
130.8259,-11.6313
130.888962,-12.400295
131.09746,-12.44791
132.084555,-16.415248
131.991418,-15.699623
132.431402,-12.709272
131.825498,-13.758719
130.315882,-11.643491
136.559911,-14.21319
132.6016,-11.45575
132.770314,-13.034846
130.89731,-12.374757
136.658998,-13.720482
130.88274,-12.40369
132.30375,-11.22947
130.311908,-11.640989
134.0851,-12.63748
130.344882,-11.657277
130.890126,-12.39208
131.08339,-12.95929
136.541704,-14.225556
130.78121,-11.448596
130.84736,-12.385704
130.909213,-12.397592
130.915942,-12.401652
136.74585,-12.206119
132.7897,-12.3286
133.42471,-13.132339
132.242773,-14.394872
132.25722,-14.98455
136.498567,-14.167401
132.36032,-11.3779
129.41857,-14.36491
132.342349,-14.522797
136.579352,-14.236138
132.28804,-11.36959
132.057232,-14.533897
136.462468,-14.118514
131.082214,-12.726591
132.501205,-13.515252
132.351401,-12.610902
130.134206,-11.769492
136.48521,-14.169066
132.239072,-13.480797
130.83841,-12.459847
130.959512,-11.413406
136.54133,-14.224971
130.890126,-12.39208
136.467219,-14.107315
130.949827,-11.36322
130.88274,-12.40369
130.902423,-12.393793
132.613542,-12.633972
136.465703,-14.136365
136.568631,-14.203986
130.83692,-12.41777
136.565589,-14.211598
132.001213,-14.115253
130.9925,-11.7128
134.424901,-14.720638
132.27365,-13.58461
130.86535,-12.40513
131.27145,-12.56717
136.492223,-14.122164
136.557854,-14.203695
132.87122,-15.18551
131.079223,-12.542114
130.887344,-12.43233
131.10158,-12.54788
132.36076,-11.37805
136.468596,-14.153196
130.50743,-16.70118
131.89469,-11.27286
130.983537,-12.480611
131.164545,-12.583591
137.034506,-16.19855
136.500311,-14.109838
130.3013,-11.6136
132.889627,-12.888811
136.552908,-14.246074
130.84736,-12.385704
136.482598,-14.152938
130.978614,-12.499736
136.405432,-14.186505
136.470727,-14.181485
129.544779,-15.488199
130.335761,-11.646179
136.66792,-13.773779
134.400592,-14.106144
137.699175,-17.201543
134.921177,-12.118576
131.8225,-13.6344
130.315882,-11.643491
130.981101,-12.491664
132.36032,-11.3779
132.184823,-14.180303
130.912284,-12.547683
130.27418,-11.6415
136.536558,-14.212654
136.503604,-13.971724
135.084519,-14.948564
130.2285,-11.4651
136.732736,-13.893632
132.36032,-11.3779
136.467976,-14.134601
136.540821,-14.225082
136.565589,-14.211598
130.878969,-12.364707
133.118023,-13.344721
136.658182,-13.75288
136.48629,-14.152964
136.56811,-14.203582
133.73869,-14.82547
132.31129,-13.59099
130.90646,-12.40628
136.658998,-13.720482
130.868469,-12.36854
136.557854,-14.203695
130.75339,-13.14168
136.56811,-14.203582
136.53279,-13.86603
131.10021,-15.58338
137.461177,-17.108545
132.32339,-12.55014
136.66792,-13.773779
136.821166,-13.86856
129.41857,-14.36491
129.544779,-15.488199
136.460321,-14.150797
130.884423,-12.382794
132.42121,-14.31858
136.782828,-12.176898
136.56811,-14.203582
136.446238,-14.173824
130.771221,-13.69859
130.85897,-12.40247
133.680409,-12.612422
131.241212,-12.60359
130.979827,-12.498328
136.504844,-14.192057
136.552407,-14.233739
130.890126,-12.39208
130.321834,-11.625667
136.48391,-14.120019
136.565123,-14.251499
132.331008,-12.543386
132.55052,-15.11438
132.451209,-14.17247
131.831213,-13.828584
130.890126,-12.39208
130.8632,-14.0619
130.315882,-11.643491
130.948234,-12.561109
132.331008,-12.543386
136.556816,-14.203692
134.178208,-14.188505
136.467976,-14.134601
131.0123,-11.5326
130.30928,-15.341013
130.90786,-12.41346
130.84736,-12.385704
130.348701,-11.64356
136.555115,-14.107647
131.97525,-15.06607
129.437408,-14.360677
134.490321,-17.412557
130.336541,-11.636157
130.311908,-11.640989
130.985692,-12.459247
130.968203,-11.399702
131.89946,-11.25486
130.340928,-11.638405
130.914213,-12.411592
131.082214,-12.726591
132.373646,-12.621447
130.311908,-11.640989
136.559911,-14.21319
136.568631,-14.203986
136.50497,-14.191487
130.871389,-12.388622
131.14694,-13.38748
130.84736,-12.385704
130.963388,-11.392271
132.751208,-14.515248
132.25722,-14.98455
136.560036,-14.212529
130.58283,-11.57384
131.49641,-16.32028
131.785103,-15.411755
130.911748,-14.211678
136.467976,-14.134601
136.496804,-14.224811
130.349462,-11.660609
134.506924,-17.449987
130.84736,-12.385704
136.492223,-14.122164
130.30229,-11.62123
130.943398,-11.361401
136.478897,-14.106753
133.63794,-12.769378
132.770771,-13.034975
131.923189,-15.928264
130.72059,-13.11248
130.83526,-11.804679
130.878969,-12.364707
133.679656,-12.612371
131.082214,-12.726591
130.65031,-12.42942
130.963388,-11.392271
136.465703,-14.136365
136.474075,-14.14376
130.315882,-11.643491
136.790158,-12.213568
136.467754,-14.103364
136.42747,-14.01095
132.25643,-14.12804
132.770771,-13.034975
136.66792,-13.773779
131.163067,-13.92619
130.35681,-11.665159
136.480479,-14.102818
130.44811,-16.06968
130.886155,-12.373127
136.569063,-14.20345
131.48621,-12.751922
132.890735,-12.888615
130.873165,-12.38108
130.121826,-11.775471
131.082214,-12.726591
132.427653,-13.996449
130.812105,-11.808191
130.855214,-12.379593
132.551211,-14.615249
131.019931,-12.492416
132.86,-12.665
130.894328,-12.383078
130.751215,-12.515263
131.151211,-12.398591
133.680409,-12.612422
133.397248,-13.036344
136.510515,-14.176781
131.48621,-12.751922
132.5367,-12.6594
136.527771,-14.197073
130.323261,-11.648528
136.659614,-13.757617
130.75669,-13.13328
131.66717,-12.73078
131.980875,-15.69862
129.900447,-15.48206
136.465339,-14.135969
131.825498,-13.758719
131.992253,-15.696794
132.349138,-12.592087
130.334669,-11.639097
135.0012,-16.74856
130.5792,-11.5725
131.018382,-12.476852
131.082214,-12.726591
131.825498,-13.758719
132.36032,-11.3779
130.89731,-12.374757
136.557854,-14.203695
132.188769,-14.178609
130.943649,-11.371427
136.465339,-14.135969
136.557854,-14.203695
131.60121,-12.868588
133.893522,-12.738045
130.890126,-12.39208
131.17117,-11.57858
131.082214,-12.726591
132.584535,-13.581911
131.146212,-12.581924
136.569063,-14.20345
130.67222,-13.16933
136.50497,-14.191487
130.35109,-11.41304
134.58,-17.563
130.873165,-12.38108
130.886155,-12.373127
136.66221,-13.770845
132.240474,-14.440203
136.867859,-17.881876
136.496283,-14.220177
136.481319,-14.107413
132.398118,-12.664781
136.557854,-14.203695
131.181755,-13.796083
136.5361,-14.212061
130.33927,-11.67273
130.335761,-11.646179
132.41121,-14.32858
132.351802,-12.468886
130.9758,-11.4497
131.902401,-15.410638
132.613542,-12.633972
132.074017,-14.526625
132.597965,-12.81395
131.367883,-13.198588
131.203611,-13.5225
130.707211,-11.545596
136.517621,-14.194968
136.452067,-14.122997
130.541339,-11.529305
132.36244,-11.27356
130.543525,-11.523309
136.56811,-14.203582
134.458692,-14.723342
130.982277,-12.715626
129.441533,-14.365485
132.55377,-14.37209
130.883209,-12.384201
133.30408,-12.79451
130.323261,-11.648528
130.866,-12.39842
130.974108,-12.434244
136.492137,-14.168653
136.557854,-14.203695
136.557341,-14.203201
132.708377,-13.054497
130.113694,-11.759119
130.334669,-11.639097
136.56811,-14.203582
130.879936,-12.390614
130.878969,-12.364707
132.417882,-14.565249
133.680409,-12.612422
136.557341,-14.203201
136.472958,-14.117697
136.465506,-14.20953
130.890126,-12.39208
130.140402,-11.78131
129.437408,-14.360677
133.674604,-12.377689
130.541339,-11.529305
136.504844,-14.192057
131.924722,-13.119444
132.351802,-12.468886
131.163067,-13.92619
130.983537,-12.480611
130.888962,-12.400295
130.54109,-11.52891
131.89978,-11.24114
130.88115,-12.389207
132.834539,-14.748577
136.565589,-14.211598
130.856941,-12.4285
130.116027,-11.753233
130.907395,-12.435191
131.27489,-13.84278
130.32044,-11.636226
130.839318,-11.81389
130.90095,-11.511
130.878969,-12.364707
136.565123,-14.251499
136.53374,-13.86571
131.067592,-12.457286
136.655474,-13.758726
136.468083,-14.113399
130.344882,-11.657277
136.478897,-14.106753
135.45927,-15.83185
133.117703,-13.345543
130.978159,-12.442555
136.465703,-14.136365
130.8139,-11.8065
132.37369,-14.586269
132.331008,-12.543386
131.050579,-12.537852
133.471212,-16.29857
130.541339,-11.529305
130.858613,-12.382825
132.167867,-11.148591
130.879936,-12.390614
130.824637,-12.457961
130.834408,-12.449335
133.679133,-12.612242
131.060376,-12.549453
133.679133,-12.612242
136.482598,-14.152938
133.591899,-12.456574
130.946062,-11.384997
130.879936,-12.390614
130.89731,-12.374757
130.84736,-12.385704
130.344882,-11.657277
133.679133,-12.612242
133.678637,-12.612426
133.730902,-12.350244
131.079223,-12.542114
130.983537,-12.480611
136.477018,-14.107693
132.54083,-12.921
134.36638,-14.78847
133.051195,-12.318583
130.128158,-11.797554
130.824637,-12.457961
132.453143,-12.921364
136.654252,-13.721998
132.331008,-12.543386
130.89731,-12.374757
134.881177,-12.078576
136.468083,-14.113399
133.678637,-12.612426
136.557341,-14.203201
132.351401,-12.610902
130.858613,-12.382825
130.849909,-12.40296
133.679133,-12.612242
136.534004,-14.237898
130.340928,-11.638405
133.678637,-12.612426
131.57121,-12.828588
136.565123,-14.251499
133.136068,-13.365181
136.48521,-14.169066
136.53374,-13.86571
130.868469,-12.36854
130.883209,-12.384201
130.879936,-12.390614
131.668037,-15.411505
133.31155,-12.79065
136.6831,-13.856206
130.819952,-12.411711
130.948234,-12.561109
130.444104,-11.493008
136.470727,-14.181485
136.565251,-13.886365
130.136278,-11.773584
132.61691,-14.08721
132.49245,-12.4921
132.453143,-12.921364
131.10383,-12.61655
136.346937,-14.207849
130.891339,-12.390673
136.552486,-14.234453
136.501361,-14.11032
131.825498,-13.758719
132.203531,-14.537712
136.654576,-13.778053
136.500311,-14.109838
130.32044,-11.636226
136.655474,-13.758726
130.888962,-12.400295
131.668111,-15.411521
130.99602,-11.70818
130.900007,-14.282894
136.560686,-14.212715
133.680409,-12.612422
130.131852,-11.80571
136.500311,-14.109838
130.883209,-12.384201
130.344882,-11.657277
130.879936,-12.390614
130.884423,-12.382794
136.536558,-14.212654
130.888962,-12.400295
132.242773,-14.394872
131.99148,-15.698813
149.440498,-21.718201
146.397135,-23.444821
134.1,-25.7
134.458694,-14.7233
152.956818,-25.757669
132.475408,-14.573366
151.220703,-23.7822
153.106247,-26.393639
153.098763,-26.45107
142.94125,-18.20752
146.332188,-23.535248
146.879075,-20.163973
148.512925,-21.544153
147.58183,-20.140163
153.089263,-26.450912
146.757377,-19.331747
122.273036,-17.892724
148.615665,-20.323883
153.080063,-26.460307
132.08313,-12.826531
152.468137,-27.382328
153.583839,-28.805083
152.013362,-32.732787
153.030808,-28.849862
150.91441,-33.54572
150.714623,-33.936772
150.626143,-35.103249
151.110282,-29.762752
122.68,-17.82
126.2,-15.2
126.2,-15.2
146.05,-18.33
122.71,-17.08
126.2,-15.2
122.71,-17.08
144.07262,-19.56444
144.931027,-16.593343
144.07262,-19.56444
143.46862,-18.80004
144.909931,-16.599023
145.211411,-16.593476
145.059613,-16.503115
144.05879,-19.53914
143.815772,-19.212776
144.931027,-16.593343
145.011759,-16.525534
143.815772,-19.212776
144.05879,-19.53914
145.059613,-16.503115
144.925755,-16.611432
144.05791,-19.5754
145.211411,-16.593476
145.011759,-16.525534
144.05791,-19.5754
145.211411,-16.593476
143.46862,-18.80004
144.931027,-16.593343
144.909931,-16.599023
144.925755,-16.611432
145.211411,-16.593476
144.931027,-16.593343
146.676323,-19.192648
152.971128,-26.114131
